dataset,cow_id,view,image_path,weight_kg
CowDB,1,left,/Users/oreo/Desktop/My Folder/UC Berkeley/Projects/coWeight/data/raw/CowDB/1/raw/left/rgb-12.09.07.767.png,415.0
CowDB,1,right,/Users/oreo/Desktop/My Folder/UC Berkeley/Projects/coWeight/data/raw/CowDB/1/raw/right/rgb-12.09.07.778.png,415.0
CowDB,1,top,/Users/oreo/Desktop/My Folder/UC Berkeley/Projects/coWeight/data/raw/CowDB/1/raw/top/rgb-12.09.07.765.png,415.0
CowDB,2,left,/Users/oreo/Desktop/My Folder/UC Berkeley/Projects/coWeight/data/raw/CowDB/2/raw/left/rgb-12.15.22.153.png,407.0
CowDB,2,right,/Users/oreo/Desktop/My Folder/UC Berkeley/Projects/coWeight/data/raw/CowDB/2/raw/right/rgb-12.15.22.188.png,407.0
CowDB,2,top,/Users/oreo/Desktop/My Folder/UC Berkeley/Projects/coWeight/data/raw/CowDB/2/raw/top/rgb-12.15.22.142.png,407.0
CowDB,3,left,/Users/oreo/Desktop/My Folder/UC Berkeley/Projects/coWeight/data/raw/CowDB/3/raw/left/rgb-12.20.11.699.png,448.0
CowDB,3,right,/Users/oreo/Desktop/My Folder/UC Berkeley/Projects/coWeight/data/raw/CowDB/3/raw/right/rgb-12.20.11.688.png,448.0
CowDB,3,top,/Users/oreo/Desktop/My Folder/UC Berkeley/Projects/coWeight/data/raw/CowDB/3/raw/top/rgb-12.20.11.691.png,448.0
CowDB,4,left,/Users/oreo/Desktop/My Folder/UC Berkeley/Projects/coWeight/data/raw/CowDB/4/raw/left/rgb-12.24.08.077.png,443.0
CowDB,4,right,/Users/oreo/Desktop/My Folder/UC Berkeley/Projects/coWeight/data/raw/CowDB/4/raw/right/rgb-12.24.08.096.png,443.0
CowDB,4,top,/Users/oreo/Desktop/My Folder/UC Berkeley/Projects/coWeight/data/raw/CowDB/4/raw/top/rgb-12.24.08.106.png,443.0
CowDB,5,left,/Users/oreo/Desktop/My Folder/UC Berkeley/Projects/coWeight/data/raw/CowDB/5/raw/left/rgb-12.27.25.234.png,410.0
CowDB,5,right,/Users/oreo/Desktop/My Folder/UC Berkeley/Projects/coWeight/data/raw/CowDB/5/raw/right/rgb-12.27.25.276.png,410.0
CowDB,5,top,/Users/oreo/Desktop/My Folder/UC Berkeley/Projects/coWeight/data/raw/CowDB/5/raw/top/rgb-12.27.25.197.png,410.0
CowDB,6,left,/Users/oreo/Desktop/My Folder/UC Berkeley/Projects/coWeight/data/raw/CowDB/6/raw/left/rgb-12.31.11.526.png,441.0
CowDB,6,right,/Users/oreo/Desktop/My Folder/UC Berkeley/Projects/coWeight/data/raw/CowDB/6/raw/right/rgb-12.31.11.492.png,441.0
CowDB,6,top,/Users/oreo/Desktop/My Folder/UC Berkeley/Projects/coWeight/data/raw/CowDB/6/raw/top/rgb-12.31.11.495.png,441.0
CowDB,7,left,/Users/oreo/Desktop/My Folder/UC Berkeley/Projects/coWeight/data/raw/CowDB/7/raw/left/rgb-12.35.29.510.png,427.0
CowDB,7,right,/Users/oreo/Desktop/My Folder/UC Berkeley/Projects/coWeight/data/raw/CowDB/7/raw/right/rgb-12.35.29.490.png,427.0
CowDB,7,top,/Users/oreo/Desktop/My Folder/UC Berkeley/Projects/coWeight/data/raw/CowDB/7/raw/top/rgb-12.35.29.513.png,427.0
CowDB,8,left,/Users/oreo/Desktop/My Folder/UC Berkeley/Projects/coWeight/data/raw/CowDB/8/raw/left/rgb-12.38.58.660.png,380.0
CowDB,8,right,/Users/oreo/Desktop/My Folder/UC Berkeley/Projects/coWeight/data/raw/CowDB/8/raw/right/rgb-12.38.58.626.png,380.0
CowDB,8,top,/Users/oreo/Desktop/My Folder/UC Berkeley/Projects/coWeight/data/raw/CowDB/8/raw/top/rgb-12.38.58.715.png,380.0
CowDB,9,left,/Users/oreo/Desktop/My Folder/UC Berkeley/Projects/coWeight/data/raw/CowDB/9/raw/left/rgb-12.44.15.015.png,416.0
CowDB,9,right,/Users/oreo/Desktop/My Folder/UC Berkeley/Projects/coWeight/data/raw/CowDB/9/raw/right/rgb-12.44.15.007.png,416.0
CowDB,9,top,/Users/oreo/Desktop/My Folder/UC Berkeley/Projects/coWeight/data/raw/CowDB/9/raw/top/rgb-12.44.14.992.png,416.0
CowDB,10,left,/Users/oreo/Desktop/My Folder/UC Berkeley/Projects/coWeight/data/raw/CowDB/10/raw/left/rgb-12.49.59.060.png,424.0
CowDB,10,right,/Users/oreo/Desktop/My Folder/UC Berkeley/Projects/coWeight/data/raw/CowDB/10/raw/right/rgb-12.49.59.038.png,424.0
CowDB,10,top,/Users/oreo/Desktop/My Folder/UC Berkeley/Projects/coWeight/data/raw/CowDB/10/raw/top/rgb-12.49.59.064.png,424.0
CowDB,11,left,/Users/oreo/Desktop/My Folder/UC Berkeley/Projects/coWeight/data/raw/CowDB/11/raw/left/rgb-12.53.21.701.png,450.0
CowDB,11,right,/Users/oreo/Desktop/My Folder/UC Berkeley/Projects/coWeight/data/raw/CowDB/11/raw/right/rgb-12.53.21.692.png,450.0
CowDB,11,top,/Users/oreo/Desktop/My Folder/UC Berkeley/Projects/coWeight/data/raw/CowDB/11/raw/top/rgb-12.53.21.698.png,450.0
CowDB,12,left,/Users/oreo/Desktop/My Folder/UC Berkeley/Projects/coWeight/data/raw/CowDB/12/raw/left/rgb-12.56.54.815.png,429.0
CowDB,12,right,/Users/oreo/Desktop/My Folder/UC Berkeley/Projects/coWeight/data/raw/CowDB/12/raw/right/rgb-12.56.54.865.png,429.0
CowDB,12,top,/Users/oreo/Desktop/My Folder/UC Berkeley/Projects/coWeight/data/raw/CowDB/12/raw/top/rgb-12.56.54.837.png,429.0
CowDB,13,left,/Users/oreo/Desktop/My Folder/UC Berkeley/Projects/coWeight/data/raw/CowDB/13/raw/left/rgb-12.59.51.528.png,410.0
CowDB,13,right,/Users/oreo/Desktop/My Folder/UC Berkeley/Projects/coWeight/data/raw/CowDB/13/raw/right/rgb-12.59.51.501.png,410.0
CowDB,13,top,/Users/oreo/Desktop/My Folder/UC Berkeley/Projects/coWeight/data/raw/CowDB/13/raw/top/rgb-12.59.51.546.png,410.0
CowDB,14,left,/Users/oreo/Desktop/My Folder/UC Berkeley/Projects/coWeight/data/raw/CowDB/14/raw/left/rgb-13.03.08.512.png,464.0
CowDB,14,right,/Users/oreo/Desktop/My Folder/UC Berkeley/Projects/coWeight/data/raw/CowDB/14/raw/right/rgb-13.03.08.473.png,464.0
CowDB,14,top,/Users/oreo/Desktop/My Folder/UC Berkeley/Projects/coWeight/data/raw/CowDB/14/raw/top/rgb-13.03.08.516.png,464.0
CowDB,15,left,/Users/oreo/Desktop/My Folder/UC Berkeley/Projects/coWeight/data/raw/CowDB/15/raw/left/rgb-13.09.23.022.png,407.0
CowDB,15,right,/Users/oreo/Desktop/My Folder/UC Berkeley/Projects/coWeight/data/raw/CowDB/15/raw/right/rgb-13.09.22.978.png,407.0
CowDB,15,top,/Users/oreo/Desktop/My Folder/UC Berkeley/Projects/coWeight/data/raw/CowDB/15/raw/top/rgb-13.09.23.043.png,407.0
CowDB,16,left,/Users/oreo/Desktop/My Folder/UC Berkeley/Projects/coWeight/data/raw/CowDB/16/raw/left/rgb-13.12.28.373.png,312.0
CowDB,16,right,/Users/oreo/Desktop/My Folder/UC Berkeley/Projects/coWeight/data/raw/CowDB/16/raw/right/rgb-13.12.28.352.png,312.0
CowDB,16,top,/Users/oreo/Desktop/My Folder/UC Berkeley/Projects/coWeight/data/raw/CowDB/16/raw/top/rgb-13.12.28.405.png,312.0
CowDB,17,left,/Users/oreo/Desktop/My Folder/UC Berkeley/Projects/coWeight/data/raw/CowDB/17/raw/left/rgb-13.17.48.150.png,412.0
CowDB,17,right,/Users/oreo/Desktop/My Folder/UC Berkeley/Projects/coWeight/data/raw/CowDB/17/raw/right/rgb-13.17.48.172.png,412.0
CowDB,17,top,/Users/oreo/Desktop/My Folder/UC Berkeley/Projects/coWeight/data/raw/CowDB/17/raw/top/rgb-13.17.48.199.png,412.0
CowDB,18,left,/Users/oreo/Desktop/My Folder/UC Berkeley/Projects/coWeight/data/raw/CowDB/18/raw/left/rgb-13.21.54.549.png,414.0
CowDB,18,right,/Users/oreo/Desktop/My Folder/UC Berkeley/Projects/coWeight/data/raw/CowDB/18/raw/right/rgb-13.21.54.513.png,414.0
CowDB,18,top,/Users/oreo/Desktop/My Folder/UC Berkeley/Projects/coWeight/data/raw/CowDB/18/raw/top/rgb-13.21.54.530.png,414.0
CowDB,19,left,/Users/oreo/Desktop/My Folder/UC Berkeley/Projects/coWeight/data/raw/CowDB/19/raw/left/rgb-13.24.42.481.png,378.0
CowDB,19,right,/Users/oreo/Desktop/My Folder/UC Berkeley/Projects/coWeight/data/raw/CowDB/19/raw/right/rgb-13.24.42.444.png,378.0
CowDB,19,top,/Users/oreo/Desktop/My Folder/UC Berkeley/Projects/coWeight/data/raw/CowDB/19/raw/top/rgb-13.24.42.449.png,378.0
CowDB,20,left,/Users/oreo/Desktop/My Folder/UC Berkeley/Projects/coWeight/data/raw/CowDB/20/raw/left/rgb-13.27.56.516.png,441.0
CowDB,20,right,/Users/oreo/Desktop/My Folder/UC Berkeley/Projects/coWeight/data/raw/CowDB/20/raw/right/rgb-13.27.56.550.png,441.0
CowDB,20,top,/Users/oreo/Desktop/My Folder/UC Berkeley/Projects/coWeight/data/raw/CowDB/20/raw/top/rgb-13.27.56.530.png,441.0
CowDB,21,left,/Users/oreo/Desktop/My Folder/UC Berkeley/Projects/coWeight/data/raw/CowDB/21/raw/left/rgb-13.31.25.512.png,373.0
CowDB,21,right,/Users/oreo/Desktop/My Folder/UC Berkeley/Projects/coWeight/data/raw/CowDB/21/raw/right/rgb-13.31.25.534.png,373.0
CowDB,21,top,/Users/oreo/Desktop/My Folder/UC Berkeley/Projects/coWeight/data/raw/CowDB/21/raw/top/rgb-13.31.25.505.png,373.0
CowDB,22,left,/Users/oreo/Desktop/My Folder/UC Berkeley/Projects/coWeight/data/raw/CowDB/22/raw/left/rgb-13.41.45.421.png,394.0
CowDB,22,right,/Users/oreo/Desktop/My Folder/UC Berkeley/Projects/coWeight/data/raw/CowDB/22/raw/right/rgb-13.41.45.457.png,394.0
CowDB,22,top,/Users/oreo/Desktop/My Folder/UC Berkeley/Projects/coWeight/data/raw/CowDB/22/raw/top/rgb-13.41.45.435.png,394.0
CowDB,23,left,/Users/oreo/Desktop/My Folder/UC Berkeley/Projects/coWeight/data/raw/CowDB/23/raw/left/rgb-13.45.59.320.png,439.0
CowDB,23,right,/Users/oreo/Desktop/My Folder/UC Berkeley/Projects/coWeight/data/raw/CowDB/23/raw/right/rgb-13.45.59.323.png,439.0
CowDB,23,top,/Users/oreo/Desktop/My Folder/UC Berkeley/Projects/coWeight/data/raw/CowDB/23/raw/top/rgb-13.45.59.353.png,439.0
CowDB,24,left,/Users/oreo/Desktop/My Folder/UC Berkeley/Projects/coWeight/data/raw/CowDB/24/raw/left/rgb-13.49.32.026.png,441.0
CowDB,24,right,/Users/oreo/Desktop/My Folder/UC Berkeley/Projects/coWeight/data/raw/CowDB/24/raw/right/rgb-13.49.32.068.png,441.0
CowDB,24,top,/Users/oreo/Desktop/My Folder/UC Berkeley/Projects/coWeight/data/raw/CowDB/24/raw/top/rgb-13.49.32.005.png,441.0
CowDB,25,left,/Users/oreo/Desktop/My Folder/UC Berkeley/Projects/coWeight/data/raw/CowDB/25/raw/left/rgb-13.52.04.637.png,434.0
CowDB,25,right,/Users/oreo/Desktop/My Folder/UC Berkeley/Projects/coWeight/data/raw/CowDB/25/raw/right/rgb-13.52.04.645.png,434.0
CowDB,25,top,/Users/oreo/Desktop/My Folder/UC Berkeley/Projects/coWeight/data/raw/CowDB/25/raw/top/rgb-13.52.04.612.png,434.0
CowDB,26,left,/Users/oreo/Desktop/My Folder/UC Berkeley/Projects/coWeight/data/raw/CowDB/26/raw/left/rgb-13.56.26.530.png,414.0
CowDB,26,right,/Users/oreo/Desktop/My Folder/UC Berkeley/Projects/coWeight/data/raw/CowDB/26/raw/right/rgb-13.56.26.505.png,414.0
CowDB,26,top,/Users/oreo/Desktop/My Folder/UC Berkeley/Projects/coWeight/data/raw/CowDB/26/raw/top/rgb-13.56.26.514.png,414.0
CowDB,27,left,/Users/oreo/Desktop/My Folder/UC Berkeley/Projects/coWeight/data/raw/CowDB/27/raw/left/rgb-15.30.41.988.png,400.0
CowDB,27,right,/Users/oreo/Desktop/My Folder/UC Berkeley/Projects/coWeight/data/raw/CowDB/27/raw/right/rgb-15.30.41.954.png,400.0
CowDB,27,top,/Users/oreo/Desktop/My Folder/UC Berkeley/Projects/coWeight/data/raw/CowDB/27/raw/top/rgb-15.30.41.933.png,400.0
CowDB,28,left,/Users/oreo/Desktop/My Folder/UC Berkeley/Projects/coWeight/data/raw/CowDB/28/raw/left/rgb-15.36.47.065.png,464.0
CowDB,28,right,/Users/oreo/Desktop/My Folder/UC Berkeley/Projects/coWeight/data/raw/CowDB/28/raw/right/rgb-15.36.47.043.png,464.0
CowDB,28,top,/Users/oreo/Desktop/My Folder/UC Berkeley/Projects/coWeight/data/raw/CowDB/28/raw/top/rgb-15.36.47.071.png,464.0
CowDB,29,left,/Users/oreo/Desktop/My Folder/UC Berkeley/Projects/coWeight/data/raw/CowDB/29/raw/left/rgb-15.40.36.618.png,442.0
CowDB,29,right,/Users/oreo/Desktop/My Folder/UC Berkeley/Projects/coWeight/data/raw/CowDB/29/raw/right/rgb-15.40.36.609.png,442.0
CowDB,29,top,/Users/oreo/Desktop/My Folder/UC Berkeley/Projects/coWeight/data/raw/CowDB/29/raw/top/rgb-15.40.36.619.png,442.0
CowDB,30,left,/Users/oreo/Desktop/My Folder/UC Berkeley/Projects/coWeight/data/raw/CowDB/30/raw/left/rgb-15.47.25.690.png,416.0
CowDB,30,right,/Users/oreo/Desktop/My Folder/UC Berkeley/Projects/coWeight/data/raw/CowDB/30/raw/right/rgb-15.47.25.700.png,416.0
CowDB,30,top,/Users/oreo/Desktop/My Folder/UC Berkeley/Projects/coWeight/data/raw/CowDB/30/raw/top/rgb-15.47.25.695.png,416.0
CowDB,31,left,/Users/oreo/Desktop/My Folder/UC Berkeley/Projects/coWeight/data/raw/CowDB/31/raw/left/rgb-15.51.03.994.png,444.0
CowDB,31,right,/Users/oreo/Desktop/My Folder/UC Berkeley/Projects/coWeight/data/raw/CowDB/31/raw/right/rgb-15.51.04.030.png,444.0
CowDB,31,top,/Users/oreo/Desktop/My Folder/UC Berkeley/Projects/coWeight/data/raw/CowDB/31/raw/top/rgb-15.51.04.027.png,444.0
CowDB,32,left,/Users/oreo/Desktop/My Folder/UC Berkeley/Projects/coWeight/data/raw/CowDB/32/raw/left/rgb-15.54.43.763.png,395.0
CowDB,32,right,/Users/oreo/Desktop/My Folder/UC Berkeley/Projects/coWeight/data/raw/CowDB/32/raw/right/rgb-15.54.43.785.png,395.0
CowDB,32,top,/Users/oreo/Desktop/My Folder/UC Berkeley/Projects/coWeight/data/raw/CowDB/32/raw/top/rgb-15.54.43.783.png,395.0
CowDB,33,left,/Users/oreo/Desktop/My Folder/UC Berkeley/Projects/coWeight/data/raw/CowDB/33/raw/left/rgb-16.03.23.517.png,293.0
CowDB,33,right,/Users/oreo/Desktop/My Folder/UC Berkeley/Projects/coWeight/data/raw/CowDB/33/raw/right/rgb-16.03.23.521.png,293.0
CowDB,33,top,/Users/oreo/Desktop/My Folder/UC Berkeley/Projects/coWeight/data/raw/CowDB/33/raw/top/rgb-16.03.23.566.png,293.0
CowDB,34,left,/Users/oreo/Desktop/My Folder/UC Berkeley/Projects/coWeight/data/raw/CowDB/34/raw/left/rgb-16.06.11.590.png,444.0
CowDB,34,right,/Users/oreo/Desktop/My Folder/UC Berkeley/Projects/coWeight/data/raw/CowDB/34/raw/right/rgb-16.06.11.678.png,444.0
CowDB,34,top,/Users/oreo/Desktop/My Folder/UC Berkeley/Projects/coWeight/data/raw/CowDB/34/raw/top/rgb-16.06.11.574.png,444.0
CowDB,35,left,/Users/oreo/Desktop/My Folder/UC Berkeley/Projects/coWeight/data/raw/CowDB/35/raw/left/rgb-16.09.46.499.png,440.0
CowDB,35,right,/Users/oreo/Desktop/My Folder/UC Berkeley/Projects/coWeight/data/raw/CowDB/35/raw/right/rgb-16.09.46.474.png,440.0
CowDB,35,top,/Users/oreo/Desktop/My Folder/UC Berkeley/Projects/coWeight/data/raw/CowDB/35/raw/top/rgb-16.09.46.466.png,440.0
CowDB,36,left,/Users/oreo/Desktop/My Folder/UC Berkeley/Projects/coWeight/data/raw/CowDB/36/raw/left/rgb-16.12.14.094.png,313.0
CowDB,36,right,/Users/oreo/Desktop/My Folder/UC Berkeley/Projects/coWeight/data/raw/CowDB/36/raw/right/rgb-16.12.14.081.png,313.0
CowDB,36,top,/Users/oreo/Desktop/My Folder/UC Berkeley/Projects/coWeight/data/raw/CowDB/36/raw/top/rgb-16.12.14.052.png,313.0
CowDB,37,left,/Users/oreo/Desktop/My Folder/UC Berkeley/Projects/coWeight/data/raw/CowDB/37/raw/left/rgb-16.15.30.371.png,445.0
CowDB,37,right,/Users/oreo/Desktop/My Folder/UC Berkeley/Projects/coWeight/data/raw/CowDB/37/raw/right/rgb-16.15.30.372.png,445.0
CowDB,37,top,/Users/oreo/Desktop/My Folder/UC Berkeley/Projects/coWeight/data/raw/CowDB/37/raw/top/rgb-16.15.30.350.png,445.0
CowDB,38,left,/Users/oreo/Desktop/My Folder/UC Berkeley/Projects/coWeight/data/raw/CowDB/38/raw/left/rgb-16.18.17.813.png,444.0
CowDB,38,right,/Users/oreo/Desktop/My Folder/UC Berkeley/Projects/coWeight/data/raw/CowDB/38/raw/right/rgb-16.18.17.817.png,444.0
CowDB,38,top,/Users/oreo/Desktop/My Folder/UC Berkeley/Projects/coWeight/data/raw/CowDB/38/raw/top/rgb-16.18.17.823.png,444.0
CowDB,39,left,/Users/oreo/Desktop/My Folder/UC Berkeley/Projects/coWeight/data/raw/CowDB/39/raw/left/rgb-16.21.22.385.png,437.0
CowDB,39,right,/Users/oreo/Desktop/My Folder/UC Berkeley/Projects/coWeight/data/raw/CowDB/39/raw/right/rgb-16.21.22.394.png,437.0
CowDB,39,top,/Users/oreo/Desktop/My Folder/UC Berkeley/Projects/coWeight/data/raw/CowDB/39/raw/top/rgb-16.21.22.404.png,437.0
CowDB,40,left,/Users/oreo/Desktop/My Folder/UC Berkeley/Projects/coWeight/data/raw/CowDB/40/raw/left/rgb-16.23.30.720.png,375.0
CowDB,40,right,/Users/oreo/Desktop/My Folder/UC Berkeley/Projects/coWeight/data/raw/CowDB/40/raw/right/rgb-16.23.30.756.png,375.0
CowDB,40,top,/Users/oreo/Desktop/My Folder/UC Berkeley/Projects/coWeight/data/raw/CowDB/40/raw/top/rgb-16.23.30.717.png,375.0
CowDB,41,left,/Users/oreo/Desktop/My Folder/UC Berkeley/Projects/coWeight/data/raw/CowDB/41/raw/left/rgb-16.31.32.262.png,436.0
CowDB,41,right,/Users/oreo/Desktop/My Folder/UC Berkeley/Projects/coWeight/data/raw/CowDB/41/raw/right/rgb-16.31.32.266.png,436.0
CowDB,41,top,/Users/oreo/Desktop/My Folder/UC Berkeley/Projects/coWeight/data/raw/CowDB/41/raw/top/rgb-16.31.32.262.png,436.0
CowDB,42,left,/Users/oreo/Desktop/My Folder/UC Berkeley/Projects/coWeight/data/raw/CowDB/42/raw/left/rgb-16.34.50.072.png,428.0
CowDB,42,right,/Users/oreo/Desktop/My Folder/UC Berkeley/Projects/coWeight/data/raw/CowDB/42/raw/right/rgb-16.34.50.099.png,428.0
CowDB,42,top,/Users/oreo/Desktop/My Folder/UC Berkeley/Projects/coWeight/data/raw/CowDB/42/raw/top/rgb-16.34.50.086.png,428.0
CowDB,43,left,/Users/oreo/Desktop/My Folder/UC Berkeley/Projects/coWeight/data/raw/CowDB/43/raw/left/rgb-16.37.20.217.png,362.0
CowDB,43,right,/Users/oreo/Desktop/My Folder/UC Berkeley/Projects/coWeight/data/raw/CowDB/43/raw/right/rgb-16.37.20.247.png,362.0
CowDB,43,top,/Users/oreo/Desktop/My Folder/UC Berkeley/Projects/coWeight/data/raw/CowDB/43/raw/top/rgb-16.37.20.215.png,362.0
CowDB,44,left,/Users/oreo/Desktop/My Folder/UC Berkeley/Projects/coWeight/data/raw/CowDB/44/raw/left/rgb-16.40.07.565.png,470.0
CowDB,44,right,/Users/oreo/Desktop/My Folder/UC Berkeley/Projects/coWeight/data/raw/CowDB/44/raw/right/rgb-16.40.07.573.png,470.0
CowDB,44,top,/Users/oreo/Desktop/My Folder/UC Berkeley/Projects/coWeight/data/raw/CowDB/44/raw/top/rgb-16.40.07.596.png,470.0
CowDB,45,left,/Users/oreo/Desktop/My Folder/UC Berkeley/Projects/coWeight/data/raw/CowDB/45/raw/left/rgb-16.42.41.405.png,381.0
CowDB,45,right,/Users/oreo/Desktop/My Folder/UC Berkeley/Projects/coWeight/data/raw/CowDB/45/raw/right/rgb-16.42.41.397.png,381.0
CowDB,45,top,/Users/oreo/Desktop/My Folder/UC Berkeley/Projects/coWeight/data/raw/CowDB/45/raw/top/rgb-16.42.41.350.png,381.0
CowDB,46,left,/Users/oreo/Desktop/My Folder/UC Berkeley/Projects/coWeight/data/raw/CowDB/46/raw/left/rgb-16.44.56.939.png,428.0
CowDB,46,right,/Users/oreo/Desktop/My Folder/UC Berkeley/Projects/coWeight/data/raw/CowDB/46/raw/right/rgb-16.44.56.940.png,428.0
CowDB,46,top,/Users/oreo/Desktop/My Folder/UC Berkeley/Projects/coWeight/data/raw/CowDB/46/raw/top/rgb-16.44.56.892.png,428.0
CowDB,47,left,/Users/oreo/Desktop/My Folder/UC Berkeley/Projects/coWeight/data/raw/CowDB/47/raw/left/rgb-17.45.12.125.png,382.0
CowDB,47,right,/Users/oreo/Desktop/My Folder/UC Berkeley/Projects/coWeight/data/raw/CowDB/47/raw/right/rgb-17.45.12.131.png,382.0
CowDB,47,top,/Users/oreo/Desktop/My Folder/UC Berkeley/Projects/coWeight/data/raw/CowDB/47/raw/top/rgb-17.45.12.123.png,382.0
CowDB,48,left,/Users/oreo/Desktop/My Folder/UC Berkeley/Projects/coWeight/data/raw/CowDB/48/raw/left/rgb-17.49.03.373.png,538.0
CowDB,48,right,/Users/oreo/Desktop/My Folder/UC Berkeley/Projects/coWeight/data/raw/CowDB/48/raw/right/rgb-17.49.03.391.png,538.0
CowDB,48,top,/Users/oreo/Desktop/My Folder/UC Berkeley/Projects/coWeight/data/raw/CowDB/48/raw/top/rgb-17.49.03.401.png,538.0
CowDB,49,left,/Users/oreo/Desktop/My Folder/UC Berkeley/Projects/coWeight/data/raw/CowDB/49/raw/left/rgb-17.53.25.220.png,462.0
CowDB,49,right,/Users/oreo/Desktop/My Folder/UC Berkeley/Projects/coWeight/data/raw/CowDB/49/raw/right/rgb-17.53.25.270.png,462.0
CowDB,49,top,/Users/oreo/Desktop/My Folder/UC Berkeley/Projects/coWeight/data/raw/CowDB/49/raw/top/rgb-17.53.25.237.png,462.0
CowDB,50,left,/Users/oreo/Desktop/My Folder/UC Berkeley/Projects/coWeight/data/raw/CowDB/50/raw/left/rgb-17.57.16.380.png,410.0
CowDB,50,right,/Users/oreo/Desktop/My Folder/UC Berkeley/Projects/coWeight/data/raw/CowDB/50/raw/right/rgb-17.57.16.366.png,410.0
CowDB,50,top,/Users/oreo/Desktop/My Folder/UC Berkeley/Projects/coWeight/data/raw/CowDB/50/raw/top/rgb-17.57.16.387.png,410.0
CowDB,51,left,/Users/oreo/Desktop/My Folder/UC Berkeley/Projects/coWeight/data/raw/CowDB/51/raw/left/rgb-18.00.21.491.png,431.0
CowDB,51,right,/Users/oreo/Desktop/My Folder/UC Berkeley/Projects/coWeight/data/raw/CowDB/51/raw/right/rgb-18.00.21.476.png,431.0
CowDB,51,top,/Users/oreo/Desktop/My Folder/UC Berkeley/Projects/coWeight/data/raw/CowDB/51/raw/top/rgb-18.00.21.471.png,431.0
CowDB,52,left,/Users/oreo/Desktop/My Folder/UC Berkeley/Projects/coWeight/data/raw/CowDB/52/raw/left/rgb-18.04.47.626.png,467.0
CowDB,52,right,/Users/oreo/Desktop/My Folder/UC Berkeley/Projects/coWeight/data/raw/CowDB/52/raw/right/rgb-18.04.47.655.png,467.0
CowDB,52,top,/Users/oreo/Desktop/My Folder/UC Berkeley/Projects/coWeight/data/raw/CowDB/52/raw/top/rgb-18.04.47.654.png,467.0
CowDB,53,left,/Users/oreo/Desktop/My Folder/UC Berkeley/Projects/coWeight/data/raw/CowDB/53/raw/left/rgb-18.07.40.499.png,468.0
CowDB,53,right,/Users/oreo/Desktop/My Folder/UC Berkeley/Projects/coWeight/data/raw/CowDB/53/raw/right/rgb-18.07.40.532.png,468.0
CowDB,53,top,/Users/oreo/Desktop/My Folder/UC Berkeley/Projects/coWeight/data/raw/CowDB/53/raw/top/rgb-18.07.40.483.png,468.0
CowDB,54,left,/Users/oreo/Desktop/My Folder/UC Berkeley/Projects/coWeight/data/raw/CowDB/54/raw/left/rgb-18.10.33.937.png,469.0
CowDB,54,right,/Users/oreo/Desktop/My Folder/UC Berkeley/Projects/coWeight/data/raw/CowDB/54/raw/right/rgb-18.10.33.930.png,469.0
CowDB,54,top,/Users/oreo/Desktop/My Folder/UC Berkeley/Projects/coWeight/data/raw/CowDB/54/raw/top/rgb-18.10.33.944.png,469.0
CowDB,55,left,/Users/oreo/Desktop/My Folder/UC Berkeley/Projects/coWeight/data/raw/CowDB/55/raw/left/rgb-18.13.39.779.png,454.0
CowDB,55,right,/Users/oreo/Desktop/My Folder/UC Berkeley/Projects/coWeight/data/raw/CowDB/55/raw/right/rgb-18.13.39.814.png,454.0
CowDB,55,top,/Users/oreo/Desktop/My Folder/UC Berkeley/Projects/coWeight/data/raw/CowDB/55/raw/top/rgb-18.13.39.793.png,454.0
CowDB,56,left,/Users/oreo/Desktop/My Folder/UC Berkeley/Projects/coWeight/data/raw/CowDB/56/raw/left/rgb-18.16.23.107.png,474.0
CowDB,56,right,/Users/oreo/Desktop/My Folder/UC Berkeley/Projects/coWeight/data/raw/CowDB/56/raw/right/rgb-18.16.23.108.png,474.0
CowDB,56,top,/Users/oreo/Desktop/My Folder/UC Berkeley/Projects/coWeight/data/raw/CowDB/56/raw/top/rgb-18.16.23.135.png,474.0
CowDB,57,left,/Users/oreo/Desktop/My Folder/UC Berkeley/Projects/coWeight/data/raw/CowDB/57/raw/left/rgb-18.18.31.266.png,485.0
CowDB,57,right,/Users/oreo/Desktop/My Folder/UC Berkeley/Projects/coWeight/data/raw/CowDB/57/raw/right/rgb-18.18.31.295.png,485.0
CowDB,57,top,/Users/oreo/Desktop/My Folder/UC Berkeley/Projects/coWeight/data/raw/CowDB/57/raw/top/rgb-18.18.31.227.png,485.0
CowDB,58,left,/Users/oreo/Desktop/My Folder/UC Berkeley/Projects/coWeight/data/raw/CowDB/58/raw/left/rgb-18.21.28.841.png,489.0
CowDB,58,right,/Users/oreo/Desktop/My Folder/UC Berkeley/Projects/coWeight/data/raw/CowDB/58/raw/right/rgb-18.21.28.852.png,489.0
CowDB,58,top,/Users/oreo/Desktop/My Folder/UC Berkeley/Projects/coWeight/data/raw/CowDB/58/raw/top/rgb-18.21.28.853.png,489.0
CowDB,59,left,/Users/oreo/Desktop/My Folder/UC Berkeley/Projects/coWeight/data/raw/CowDB/59/raw/left/rgb-18.24.30.763.png,513.0
CowDB,59,right,/Users/oreo/Desktop/My Folder/UC Berkeley/Projects/coWeight/data/raw/CowDB/59/raw/right/rgb-18.24.30.785.png,513.0
CowDB,59,top,/Users/oreo/Desktop/My Folder/UC Berkeley/Projects/coWeight/data/raw/CowDB/59/raw/top/rgb-18.24.30.779.png,513.0
CowDB,60,left,/Users/oreo/Desktop/My Folder/UC Berkeley/Projects/coWeight/data/raw/CowDB/60/raw/left/rgb-18.27.22.333.png,458.0
CowDB,60,right,/Users/oreo/Desktop/My Folder/UC Berkeley/Projects/coWeight/data/raw/CowDB/60/raw/right/rgb-18.27.22.319.png,458.0
CowDB,60,top,/Users/oreo/Desktop/My Folder/UC Berkeley/Projects/coWeight/data/raw/CowDB/60/raw/top/rgb-18.27.22.356.png,458.0
CowDB,61,left,/Users/oreo/Desktop/My Folder/UC Berkeley/Projects/coWeight/data/raw/CowDB/61/raw/left/rgb-18.33.44.844.png,452.0
CowDB,61,right,/Users/oreo/Desktop/My Folder/UC Berkeley/Projects/coWeight/data/raw/CowDB/61/raw/right/rgb-18.33.44.879.png,452.0
CowDB,61,top,/Users/oreo/Desktop/My Folder/UC Berkeley/Projects/coWeight/data/raw/CowDB/61/raw/top/rgb-18.33.44.858.png,452.0
CowDB,62,left,/Users/oreo/Desktop/My Folder/UC Berkeley/Projects/coWeight/data/raw/CowDB/62/raw/left/rgb-18.36.29.484.png,462.0
CowDB,62,right,/Users/oreo/Desktop/My Folder/UC Berkeley/Projects/coWeight/data/raw/CowDB/62/raw/right/rgb-18.36.29.461.png,462.0
CowDB,62,top,/Users/oreo/Desktop/My Folder/UC Berkeley/Projects/coWeight/data/raw/CowDB/62/raw/top/rgb-18.36.29.391.png,462.0
CowDB,63,left,/Users/oreo/Desktop/My Folder/UC Berkeley/Projects/coWeight/data/raw/CowDB/63/raw/left/rgb-18.39.38.886.png,454.0
CowDB,63,right,/Users/oreo/Desktop/My Folder/UC Berkeley/Projects/coWeight/data/raw/CowDB/63/raw/right/rgb-18.39.38.844.png,454.0
CowDB,63,top,/Users/oreo/Desktop/My Folder/UC Berkeley/Projects/coWeight/data/raw/CowDB/63/raw/top/rgb-18.39.38.892.png,454.0
CowDB,64,left,/Users/oreo/Desktop/My Folder/UC Berkeley/Projects/coWeight/data/raw/CowDB/64/raw/left/rgb-18.42.52.232.png,468.0
CowDB,64,right,/Users/oreo/Desktop/My Folder/UC Berkeley/Projects/coWeight/data/raw/CowDB/64/raw/right/rgb-18.42.52.199.png,468.0
CowDB,64,top,/Users/oreo/Desktop/My Folder/UC Berkeley/Projects/coWeight/data/raw/CowDB/64/raw/top/rgb-18.42.52.188.png,468.0
CowDB,65,left,/Users/oreo/Desktop/My Folder/UC Berkeley/Projects/coWeight/data/raw/CowDB/65/raw/left/rgb-18.45.47.194.png,482.0
CowDB,65,right,/Users/oreo/Desktop/My Folder/UC Berkeley/Projects/coWeight/data/raw/CowDB/65/raw/right/rgb-18.45.47.167.png,482.0
CowDB,65,top,/Users/oreo/Desktop/My Folder/UC Berkeley/Projects/coWeight/data/raw/CowDB/65/raw/top/rgb-18.45.47.236.png,482.0
CowDB,66,left,/Users/oreo/Desktop/My Folder/UC Berkeley/Projects/coWeight/data/raw/CowDB/66/raw/left/rgb-18.48.48.431.png,459.0
CowDB,66,right,/Users/oreo/Desktop/My Folder/UC Berkeley/Projects/coWeight/data/raw/CowDB/66/raw/right/rgb-18.48.48.416.png,459.0
CowDB,66,top,/Users/oreo/Desktop/My Folder/UC Berkeley/Projects/coWeight/data/raw/CowDB/66/raw/top/rgb-18.48.48.436.png,459.0
CowDB,67,left,/Users/oreo/Desktop/My Folder/UC Berkeley/Projects/coWeight/data/raw/CowDB/67/raw/left/rgb-19.02.38.110.png,560.0
CowDB,67,right,/Users/oreo/Desktop/My Folder/UC Berkeley/Projects/coWeight/data/raw/CowDB/67/raw/right/rgb-19.02.38.108.png,560.0
CowDB,67,top,/Users/oreo/Desktop/My Folder/UC Berkeley/Projects/coWeight/data/raw/CowDB/67/raw/top/rgb-19.02.38.091.png,560.0
CowDB,68,left,/Users/oreo/Desktop/My Folder/UC Berkeley/Projects/coWeight/data/raw/CowDB/68/raw/left/rgb-19.07.16.976.png,477.0
CowDB,68,right,/Users/oreo/Desktop/My Folder/UC Berkeley/Projects/coWeight/data/raw/CowDB/68/raw/right/rgb-19.07.16.938.png,477.0
CowDB,68,top,/Users/oreo/Desktop/My Folder/UC Berkeley/Projects/coWeight/data/raw/CowDB/68/raw/top/rgb-19.07.16.952.png,477.0
CowDB,69,left,/Users/oreo/Desktop/My Folder/UC Berkeley/Projects/coWeight/data/raw/CowDB/69/raw/left/rgb-19.09.30.964.png,432.0
CowDB,69,right,/Users/oreo/Desktop/My Folder/UC Berkeley/Projects/coWeight/data/raw/CowDB/69/raw/right/rgb-19.09.30.970.png,432.0
CowDB,69,top,/Users/oreo/Desktop/My Folder/UC Berkeley/Projects/coWeight/data/raw/CowDB/69/raw/top/rgb-19.09.30.944.png,432.0
CowDB,70,left,/Users/oreo/Desktop/My Folder/UC Berkeley/Projects/coWeight/data/raw/CowDB/70/raw/left/rgb-19.13.19.189.png,455.0
CowDB,70,right,/Users/oreo/Desktop/My Folder/UC Berkeley/Projects/coWeight/data/raw/CowDB/70/raw/right/rgb-19.13.19.186.png,455.0
CowDB,70,top,/Users/oreo/Desktop/My Folder/UC Berkeley/Projects/coWeight/data/raw/CowDB/70/raw/top/rgb-19.13.19.172.png,455.0
CowDB,71,left,/Users/oreo/Desktop/My Folder/UC Berkeley/Projects/coWeight/data/raw/CowDB/71/raw/left/rgb-19.16.36.160.png,480.0
CowDB,71,right,/Users/oreo/Desktop/My Folder/UC Berkeley/Projects/coWeight/data/raw/CowDB/71/raw/right/rgb-19.16.36.178.png,480.0
CowDB,71,top,/Users/oreo/Desktop/My Folder/UC Berkeley/Projects/coWeight/data/raw/CowDB/71/raw/top/rgb-19.16.36.143.png,480.0
CowDB,72,left,/Users/oreo/Desktop/My Folder/UC Berkeley/Projects/coWeight/data/raw/CowDB/72/raw/left/rgb-19.30.02.860.png,456.0
CowDB,72,right,/Users/oreo/Desktop/My Folder/UC Berkeley/Projects/coWeight/data/raw/CowDB/72/raw/right/rgb-19.30.02.897.png,456.0
CowDB,72,top,/Users/oreo/Desktop/My Folder/UC Berkeley/Projects/coWeight/data/raw/CowDB/72/raw/top/rgb-19.30.02.896.png,456.0
CowDB,73,left,/Users/oreo/Desktop/My Folder/UC Berkeley/Projects/coWeight/data/raw/CowDB/73/raw/left/rgb-19.35.51.761.png,428.0
CowDB,73,right,/Users/oreo/Desktop/My Folder/UC Berkeley/Projects/coWeight/data/raw/CowDB/73/raw/right/rgb-19.35.51.720.png,428.0
CowDB,73,top,/Users/oreo/Desktop/My Folder/UC Berkeley/Projects/coWeight/data/raw/CowDB/73/raw/top/rgb-19.35.51.737.png,428.0
CowDB,74,left,/Users/oreo/Desktop/My Folder/UC Berkeley/Projects/coWeight/data/raw/CowDB/74/raw/left/rgb-19.38.44.512.png,478.0
CowDB,74,right,/Users/oreo/Desktop/My Folder/UC Berkeley/Projects/coWeight/data/raw/CowDB/74/raw/right/rgb-19.38.44.492.png,478.0
CowDB,74,top,/Users/oreo/Desktop/My Folder/UC Berkeley/Projects/coWeight/data/raw/CowDB/74/raw/top/rgb-19.38.44.578.png,478.0
CowDB,75,left,/Users/oreo/Desktop/My Folder/UC Berkeley/Projects/coWeight/data/raw/CowDB/75/raw/left/rgb-19.41.53.645.png,480.0
CowDB,75,right,/Users/oreo/Desktop/My Folder/UC Berkeley/Projects/coWeight/data/raw/CowDB/75/raw/right/rgb-19.41.53.639.png,480.0
CowDB,75,top,/Users/oreo/Desktop/My Folder/UC Berkeley/Projects/coWeight/data/raw/CowDB/75/raw/top/rgb-19.41.53.650.png,480.0
CowDB,76,left,/Users/oreo/Desktop/My Folder/UC Berkeley/Projects/coWeight/data/raw/CowDB/76/raw/left/rgb-19.45.11.313.png,463.0
CowDB,76,right,/Users/oreo/Desktop/My Folder/UC Berkeley/Projects/coWeight/data/raw/CowDB/76/raw/right/rgb-19.45.11.352.png,463.0
CowDB,76,top,/Users/oreo/Desktop/My Folder/UC Berkeley/Projects/coWeight/data/raw/CowDB/76/raw/top/rgb-19.45.11.274.png,463.0
CowDB,77,left,/Users/oreo/Desktop/My Folder/UC Berkeley/Projects/coWeight/data/raw/CowDB/77/raw/left/rgb-19.48.25.625.png,495.0
CowDB,77,right,/Users/oreo/Desktop/My Folder/UC Berkeley/Projects/coWeight/data/raw/CowDB/77/raw/right/rgb-19.48.25.636.png,495.0
CowDB,77,top,/Users/oreo/Desktop/My Folder/UC Berkeley/Projects/coWeight/data/raw/CowDB/77/raw/top/rgb-19.48.25.695.png,495.0
CowDB,78,left,/Users/oreo/Desktop/My Folder/UC Berkeley/Projects/coWeight/data/raw/CowDB/78/raw/left/rgb-19.51.50.749.png,489.0
CowDB,78,right,/Users/oreo/Desktop/My Folder/UC Berkeley/Projects/coWeight/data/raw/CowDB/78/raw/right/rgb-19.51.50.745.png,489.0
CowDB,78,top,/Users/oreo/Desktop/My Folder/UC Berkeley/Projects/coWeight/data/raw/CowDB/78/raw/top/rgb-19.51.50.768.png,489.0
CowDB,79,left,/Users/oreo/Desktop/My Folder/UC Berkeley/Projects/coWeight/data/raw/CowDB/79/raw/left/rgb-19.55.09.718.png,486.0
CowDB,79,right,/Users/oreo/Desktop/My Folder/UC Berkeley/Projects/coWeight/data/raw/CowDB/79/raw/right/rgb-19.55.09.714.png,486.0
CowDB,79,top,/Users/oreo/Desktop/My Folder/UC Berkeley/Projects/coWeight/data/raw/CowDB/79/raw/top/rgb-19.55.09.778.png,486.0
CowDB,80,left,/Users/oreo/Desktop/My Folder/UC Berkeley/Projects/coWeight/data/raw/CowDB/80/raw/left/rgb-19.59.20.341.png,497.0
CowDB,80,right,/Users/oreo/Desktop/My Folder/UC Berkeley/Projects/coWeight/data/raw/CowDB/80/raw/right/rgb-19.59.20.356.png,497.0
CowDB,80,top,/Users/oreo/Desktop/My Folder/UC Berkeley/Projects/coWeight/data/raw/CowDB/80/raw/top/rgb-19.59.20.346.png,497.0
CowDB,81,left,/Users/oreo/Desktop/My Folder/UC Berkeley/Projects/coWeight/data/raw/CowDB/81/raw/left/rgb-20.11.35.066.png,440.0
CowDB,81,right,/Users/oreo/Desktop/My Folder/UC Berkeley/Projects/coWeight/data/raw/CowDB/81/raw/right/rgb-20.11.35.101.png,440.0
CowDB,81,top,/Users/oreo/Desktop/My Folder/UC Berkeley/Projects/coWeight/data/raw/CowDB/81/raw/top/rgb-20.11.35.106.png,440.0
CowDB,82,left,/Users/oreo/Desktop/My Folder/UC Berkeley/Projects/coWeight/data/raw/CowDB/82/raw/left/rgb-20.14.10.466.png,445.0
CowDB,82,right,/Users/oreo/Desktop/My Folder/UC Berkeley/Projects/coWeight/data/raw/CowDB/82/raw/right/rgb-20.14.10.418.png,445.0
CowDB,82,top,/Users/oreo/Desktop/My Folder/UC Berkeley/Projects/coWeight/data/raw/CowDB/82/raw/top/rgb-20.14.10.429.png,445.0
CowDB,83,left,/Users/oreo/Desktop/My Folder/UC Berkeley/Projects/coWeight/data/raw/CowDB/83/raw/left/rgb-20.17.39.545.png,453.0
CowDB,83,right,/Users/oreo/Desktop/My Folder/UC Berkeley/Projects/coWeight/data/raw/CowDB/83/raw/right/rgb-20.17.39.510.png,453.0
CowDB,83,top,/Users/oreo/Desktop/My Folder/UC Berkeley/Projects/coWeight/data/raw/CowDB/83/raw/top/rgb-20.17.39.524.png,453.0
CowDB,84,left,/Users/oreo/Desktop/My Folder/UC Berkeley/Projects/coWeight/data/raw/CowDB/84/raw/left/rgb-20.20.54.081.png,445.0
CowDB,84,right,/Users/oreo/Desktop/My Folder/UC Berkeley/Projects/coWeight/data/raw/CowDB/84/raw/right/rgb-20.20.54.102.png,445.0
CowDB,84,top,/Users/oreo/Desktop/My Folder/UC Berkeley/Projects/coWeight/data/raw/CowDB/84/raw/top/rgb-20.20.54.105.png,445.0
CowDB,85,left,/Users/oreo/Desktop/My Folder/UC Berkeley/Projects/coWeight/data/raw/CowDB/85/raw/left/rgb-20.24.54.609.png,401.0
CowDB,85,right,/Users/oreo/Desktop/My Folder/UC Berkeley/Projects/coWeight/data/raw/CowDB/85/raw/right/rgb-20.24.54.573.png,401.0
CowDB,85,top,/Users/oreo/Desktop/My Folder/UC Berkeley/Projects/coWeight/data/raw/CowDB/85/raw/top/rgb-20.24.54.642.png,401.0
CowDB,86,left,/Users/oreo/Desktop/My Folder/UC Berkeley/Projects/coWeight/data/raw/CowDB/86/raw/left/rgb-20.27.42.094.png,486.0
CowDB,86,right,/Users/oreo/Desktop/My Folder/UC Berkeley/Projects/coWeight/data/raw/CowDB/86/raw/right/rgb-20.27.42.104.png,486.0
CowDB,86,top,/Users/oreo/Desktop/My Folder/UC Berkeley/Projects/coWeight/data/raw/CowDB/86/raw/top/rgb-20.27.42.086.png,486.0
CowDB,87,left,/Users/oreo/Desktop/My Folder/UC Berkeley/Projects/coWeight/data/raw/CowDB/87/raw/left/rgb-20.31.00.406.png,451.0
CowDB,87,right,/Users/oreo/Desktop/My Folder/UC Berkeley/Projects/coWeight/data/raw/CowDB/87/raw/right/rgb-20.31.00.370.png,451.0
CowDB,87,top,/Users/oreo/Desktop/My Folder/UC Berkeley/Projects/coWeight/data/raw/CowDB/87/raw/top/rgb-20.31.00.342.png,451.0
CowDB,88,left,/Users/oreo/Desktop/My Folder/UC Berkeley/Projects/coWeight/data/raw/CowDB/88/raw/left/rgb-20.33.57.532.png,466.0
CowDB,88,right,/Users/oreo/Desktop/My Folder/UC Berkeley/Projects/coWeight/data/raw/CowDB/88/raw/right/rgb-20.33.57.545.png,466.0
CowDB,88,top,/Users/oreo/Desktop/My Folder/UC Berkeley/Projects/coWeight/data/raw/CowDB/88/raw/top/rgb-20.33.57.517.png,466.0
CowDB,89,left,/Users/oreo/Desktop/My Folder/UC Berkeley/Projects/coWeight/data/raw/CowDB/89/raw/left/rgb-20.36.13.636.png,440.0
CowDB,89,right,/Users/oreo/Desktop/My Folder/UC Berkeley/Projects/coWeight/data/raw/CowDB/89/raw/right/rgb-20.36.13.652.png,440.0
CowDB,89,top,/Users/oreo/Desktop/My Folder/UC Berkeley/Projects/coWeight/data/raw/CowDB/89/raw/top/rgb-20.36.13.606.png,440.0
CowDB,90,left,/Users/oreo/Desktop/My Folder/UC Berkeley/Projects/coWeight/data/raw/CowDB/90/raw/left/rgb-20.39.20.282.png,417.0
CowDB,90,right,/Users/oreo/Desktop/My Folder/UC Berkeley/Projects/coWeight/data/raw/CowDB/90/raw/right/rgb-20.39.20.226.png,417.0
CowDB,90,top,/Users/oreo/Desktop/My Folder/UC Berkeley/Projects/coWeight/data/raw/CowDB/90/raw/top/rgb-20.39.20.268.png,417.0
CowDB,91,left,/Users/oreo/Desktop/My Folder/UC Berkeley/Projects/coWeight/data/raw/CowDB/91/raw/left/rgb-20.42.32.545.png,471.0
CowDB,91,right,/Users/oreo/Desktop/My Folder/UC Berkeley/Projects/coWeight/data/raw/CowDB/91/raw/right/rgb-20.42.32.572.png,471.0
CowDB,91,top,/Users/oreo/Desktop/My Folder/UC Berkeley/Projects/coWeight/data/raw/CowDB/91/raw/top/rgb-20.42.32.519.png,471.0
CowDB,92,left,/Users/oreo/Desktop/My Folder/UC Berkeley/Projects/coWeight/data/raw/CowDB/92/raw/left/rgb-20.45.08.265.png,506.0
CowDB,92,right,/Users/oreo/Desktop/My Folder/UC Berkeley/Projects/coWeight/data/raw/CowDB/92/raw/right/rgb-20.45.08.249.png,506.0
CowDB,92,top,/Users/oreo/Desktop/My Folder/UC Berkeley/Projects/coWeight/data/raw/CowDB/92/raw/top/rgb-20.45.08.221.png,506.0
CowDB,93,left,/Users/oreo/Desktop/My Folder/UC Berkeley/Projects/coWeight/data/raw/CowDB/93/raw/left/rgb-20.47.58.924.png,450.0
CowDB,93,right,/Users/oreo/Desktop/My Folder/UC Berkeley/Projects/coWeight/data/raw/CowDB/93/raw/right/rgb-20.47.58.947.png,450.0
CowDB,93,top,/Users/oreo/Desktop/My Folder/UC Berkeley/Projects/coWeight/data/raw/CowDB/93/raw/top/rgb-20.47.58.984.png,450.0
CowDB,94,left,/Users/oreo/Desktop/My Folder/UC Berkeley/Projects/coWeight/data/raw/CowDB/94/raw/left/rgb-20.50.23.637.png,451.0
CowDB,94,right,/Users/oreo/Desktop/My Folder/UC Berkeley/Projects/coWeight/data/raw/CowDB/94/raw/right/rgb-20.50.23.688.png,451.0
CowDB,94,top,/Users/oreo/Desktop/My Folder/UC Berkeley/Projects/coWeight/data/raw/CowDB/94/raw/top/rgb-20.50.23.646.png,451.0
CowDB,95,left,/Users/oreo/Desktop/My Folder/UC Berkeley/Projects/coWeight/data/raw/CowDB/95/raw/left/rgb-20.52.51.250.png,462.0
CowDB,95,right,/Users/oreo/Desktop/My Folder/UC Berkeley/Projects/coWeight/data/raw/CowDB/95/raw/right/rgb-20.52.51.226.png,462.0
CowDB,95,top,/Users/oreo/Desktop/My Folder/UC Berkeley/Projects/coWeight/data/raw/CowDB/95/raw/top/rgb-20.52.51.260.png,462.0
CowDB,96,left,/Users/oreo/Desktop/My Folder/UC Berkeley/Projects/coWeight/data/raw/CowDB/96/raw/left/rgb-20.55.49.628.png,487.0
CowDB,96,right,/Users/oreo/Desktop/My Folder/UC Berkeley/Projects/coWeight/data/raw/CowDB/96/raw/right/rgb-20.55.49.652.png,487.0
CowDB,96,top,/Users/oreo/Desktop/My Folder/UC Berkeley/Projects/coWeight/data/raw/CowDB/96/raw/top/rgb-20.55.49.681.png,487.0
CowDB,97,left,/Users/oreo/Desktop/My Folder/UC Berkeley/Projects/coWeight/data/raw/CowDB/97/raw/left/rgb-12.01.06.347.png,462.0
CowDB,97,right,/Users/oreo/Desktop/My Folder/UC Berkeley/Projects/coWeight/data/raw/CowDB/97/raw/right/rgb-12.01.06.346.png,462.0
CowDB,97,top,/Users/oreo/Desktop/My Folder/UC Berkeley/Projects/coWeight/data/raw/CowDB/97/raw/top/rgb-12.01.06.363.png,462.0
CowDB,98,left,/Users/oreo/Desktop/My Folder/UC Berkeley/Projects/coWeight/data/raw/CowDB/98/raw/left/rgb-12.04.46.933.png,346.0
CowDB,98,right,/Users/oreo/Desktop/My Folder/UC Berkeley/Projects/coWeight/data/raw/CowDB/98/raw/right/rgb-12.04.46.900.png,346.0
CowDB,98,top,/Users/oreo/Desktop/My Folder/UC Berkeley/Projects/coWeight/data/raw/CowDB/98/raw/top/rgb-12.04.46.910.png,346.0
CowDB,99,left,/Users/oreo/Desktop/My Folder/UC Berkeley/Projects/coWeight/data/raw/CowDB/99/raw/left/rgb-12.07.51.250.png,407.0
CowDB,99,right,/Users/oreo/Desktop/My Folder/UC Berkeley/Projects/coWeight/data/raw/CowDB/99/raw/right/rgb-12.07.51.244.png,407.0
CowDB,99,top,/Users/oreo/Desktop/My Folder/UC Berkeley/Projects/coWeight/data/raw/CowDB/99/raw/top/rgb-12.07.51.258.png,407.0
CowDB,100,left,/Users/oreo/Desktop/My Folder/UC Berkeley/Projects/coWeight/data/raw/CowDB/100/raw/left/rgb-12.13.31.362.png,366.0
CowDB,100,right,/Users/oreo/Desktop/My Folder/UC Berkeley/Projects/coWeight/data/raw/CowDB/100/raw/right/rgb-12.13.31.385.png,366.0
CowDB,100,top,/Users/oreo/Desktop/My Folder/UC Berkeley/Projects/coWeight/data/raw/CowDB/100/raw/top/rgb-12.13.31.354.png,366.0
CowDB,101,left,/Users/oreo/Desktop/My Folder/UC Berkeley/Projects/coWeight/data/raw/CowDB/101/raw/left/rgb-12.16.09.074.png,312.0
CowDB,101,right,/Users/oreo/Desktop/My Folder/UC Berkeley/Projects/coWeight/data/raw/CowDB/101/raw/right/rgb-12.16.09.074.png,312.0
CowDB,101,top,/Users/oreo/Desktop/My Folder/UC Berkeley/Projects/coWeight/data/raw/CowDB/101/raw/top/rgb-12.16.09.094.png,312.0
CowDB,102,left,/Users/oreo/Desktop/My Folder/UC Berkeley/Projects/coWeight/data/raw/CowDB/102/raw/left/rgb-12.19.51.733.png,378.0
CowDB,102,right,/Users/oreo/Desktop/My Folder/UC Berkeley/Projects/coWeight/data/raw/CowDB/102/raw/right/rgb-12.19.51.764.png,378.0
CowDB,102,top,/Users/oreo/Desktop/My Folder/UC Berkeley/Projects/coWeight/data/raw/CowDB/102/raw/top/rgb-12.19.51.759.png,378.0
CowDB,103,left,/Users/oreo/Desktop/My Folder/UC Berkeley/Projects/coWeight/data/raw/CowDB/103/raw/left/rgb-12.24.09.122.png,382.0
CowDB,103,right,/Users/oreo/Desktop/My Folder/UC Berkeley/Projects/coWeight/data/raw/CowDB/103/raw/right/rgb-12.24.09.149.png,382.0
CowDB,103,top,/Users/oreo/Desktop/My Folder/UC Berkeley/Projects/coWeight/data/raw/CowDB/103/raw/top/rgb-12.24.09.127.png,382.0
CowDB,104,left,/Users/oreo/Desktop/My Folder/UC Berkeley/Projects/coWeight/data/raw/CowDB/104/raw/left/rgb-12.28.17.836.png,408.0
CowDB,104,right,/Users/oreo/Desktop/My Folder/UC Berkeley/Projects/coWeight/data/raw/CowDB/104/raw/right/rgb-12.28.17.846.png,408.0
CowDB,104,top,/Users/oreo/Desktop/My Folder/UC Berkeley/Projects/coWeight/data/raw/CowDB/104/raw/top/rgb-12.28.17.838.png,408.0
CowDB,105,left,/Users/oreo/Desktop/My Folder/UC Berkeley/Projects/coWeight/data/raw/CowDB/105/raw/left/rgb-12.31.06.321.png,323.0
CowDB,105,right,/Users/oreo/Desktop/My Folder/UC Berkeley/Projects/coWeight/data/raw/CowDB/105/raw/right/rgb-12.31.06.341.png,323.0
CowDB,105,top,/Users/oreo/Desktop/My Folder/UC Berkeley/Projects/coWeight/data/raw/CowDB/105/raw/top/rgb-12.31.06.345.png,323.0
CowDB,106,left,/Users/oreo/Desktop/My Folder/UC Berkeley/Projects/coWeight/data/raw/CowDB/106/raw/left/rgb-12.33.48.257.png,275.0
CowDB,106,right,/Users/oreo/Desktop/My Folder/UC Berkeley/Projects/coWeight/data/raw/CowDB/106/raw/right/rgb-12.33.48.276.png,275.0
CowDB,106,top,/Users/oreo/Desktop/My Folder/UC Berkeley/Projects/coWeight/data/raw/CowDB/106/raw/top/rgb-12.33.48.268.png,275.0
CowDB,107,left,/Users/oreo/Desktop/My Folder/UC Berkeley/Projects/coWeight/data/raw/CowDB/107/raw/left/rgb-12.35.51.087.png,409.0
CowDB,107,right,/Users/oreo/Desktop/My Folder/UC Berkeley/Projects/coWeight/data/raw/CowDB/107/raw/right/rgb-12.35.51.089.png,409.0
CowDB,107,top,/Users/oreo/Desktop/My Folder/UC Berkeley/Projects/coWeight/data/raw/CowDB/107/raw/top/rgb-12.35.51.048.png,409.0
CowDB,108,left,/Users/oreo/Desktop/My Folder/UC Berkeley/Projects/coWeight/data/raw/CowDB/108/raw/left/rgb-12.38.27.278.png,331.0
CowDB,108,right,/Users/oreo/Desktop/My Folder/UC Berkeley/Projects/coWeight/data/raw/CowDB/108/raw/right/rgb-12.38.27.288.png,331.0
CowDB,108,top,/Users/oreo/Desktop/My Folder/UC Berkeley/Projects/coWeight/data/raw/CowDB/108/raw/top/rgb-12.38.27.282.png,331.0
CowDB,109,left,/Users/oreo/Desktop/My Folder/UC Berkeley/Projects/coWeight/data/raw/CowDB/109/raw/left/rgb-12.40.55.010.png,416.0
CowDB,109,right,/Users/oreo/Desktop/My Folder/UC Berkeley/Projects/coWeight/data/raw/CowDB/109/raw/right/rgb-12.40.55.015.png,416.0
CowDB,109,top,/Users/oreo/Desktop/My Folder/UC Berkeley/Projects/coWeight/data/raw/CowDB/109/raw/top/rgb-12.40.55.008.png,416.0
CowDB,110,left,/Users/oreo/Desktop/My Folder/UC Berkeley/Projects/coWeight/data/raw/CowDB/110/raw/left/rgb-12.43.43.040.png,417.0
CowDB,110,right,/Users/oreo/Desktop/My Folder/UC Berkeley/Projects/coWeight/data/raw/CowDB/110/raw/right/rgb-12.43.43.016.png,417.0
CowDB,110,top,/Users/oreo/Desktop/My Folder/UC Berkeley/Projects/coWeight/data/raw/CowDB/110/raw/top/rgb-12.43.43.056.png,417.0
CowDB,111,left,/Users/oreo/Desktop/My Folder/UC Berkeley/Projects/coWeight/data/raw/CowDB/111/raw/left/rgb-12.46.26.030.png,243.0
CowDB,111,right,/Users/oreo/Desktop/My Folder/UC Berkeley/Projects/coWeight/data/raw/CowDB/111/raw/right/rgb-12.46.25.997.png,243.0
CowDB,111,top,/Users/oreo/Desktop/My Folder/UC Berkeley/Projects/coWeight/data/raw/CowDB/111/raw/top/rgb-12.46.25.999.png,243.0
CowDB,112,left,/Users/oreo/Desktop/My Folder/UC Berkeley/Projects/coWeight/data/raw/CowDB/112/raw/left/rgb-13.12.33.541.png,399.0
CowDB,112,right,/Users/oreo/Desktop/My Folder/UC Berkeley/Projects/coWeight/data/raw/CowDB/112/raw/right/rgb-13.12.33.533.png,399.0
CowDB,112,top,/Users/oreo/Desktop/My Folder/UC Berkeley/Projects/coWeight/data/raw/CowDB/112/raw/top/rgb-13.12.33.514.png,399.0
CowDB,113,left,/Users/oreo/Desktop/My Folder/UC Berkeley/Projects/coWeight/data/raw/CowDB/113/raw/left/rgb-13.17.14.527.png,492.0
CowDB,113,right,/Users/oreo/Desktop/My Folder/UC Berkeley/Projects/coWeight/data/raw/CowDB/113/raw/right/rgb-13.17.14.573.png,492.0
CowDB,113,top,/Users/oreo/Desktop/My Folder/UC Berkeley/Projects/coWeight/data/raw/CowDB/113/raw/top/rgb-13.17.14.551.png,492.0
CowDB,114,left,/Users/oreo/Desktop/My Folder/UC Berkeley/Projects/coWeight/data/raw/CowDB/114/raw/left/rgb-13.20.39.966.png,605.0
CowDB,114,right,/Users/oreo/Desktop/My Folder/UC Berkeley/Projects/coWeight/data/raw/CowDB/114/raw/right/rgb-13.20.39.991.png,605.0
CowDB,114,top,/Users/oreo/Desktop/My Folder/UC Berkeley/Projects/coWeight/data/raw/CowDB/114/raw/top/rgb-13.20.39.997.png,605.0
CowDB,115,left,/Users/oreo/Desktop/My Folder/UC Berkeley/Projects/coWeight/data/raw/CowDB/115/raw/left/rgb-13.23.27.091.png,495.0
CowDB,115,right,/Users/oreo/Desktop/My Folder/UC Berkeley/Projects/coWeight/data/raw/CowDB/115/raw/right/rgb-13.23.27.087.png,495.0
CowDB,115,top,/Users/oreo/Desktop/My Folder/UC Berkeley/Projects/coWeight/data/raw/CowDB/115/raw/top/rgb-13.23.27.105.png,495.0
CowDB,116,left,/Users/oreo/Desktop/My Folder/UC Berkeley/Projects/coWeight/data/raw/CowDB/116/raw/left/rgb-13.26.35.160.png,565.0
CowDB,116,right,/Users/oreo/Desktop/My Folder/UC Berkeley/Projects/coWeight/data/raw/CowDB/116/raw/right/rgb-13.26.35.122.png,565.0
CowDB,116,top,/Users/oreo/Desktop/My Folder/UC Berkeley/Projects/coWeight/data/raw/CowDB/116/raw/top/rgb-13.26.35.325.png,565.0
CowDB,117,left,/Users/oreo/Desktop/My Folder/UC Berkeley/Projects/coWeight/data/raw/CowDB/117/raw/left/rgb-13.29.21.430.png,399.0
CowDB,117,right,/Users/oreo/Desktop/My Folder/UC Berkeley/Projects/coWeight/data/raw/CowDB/117/raw/right/rgb-13.29.21.432.png,399.0
CowDB,117,top,/Users/oreo/Desktop/My Folder/UC Berkeley/Projects/coWeight/data/raw/CowDB/117/raw/top/rgb-13.29.21.437.png,399.0
CowDB,118,left,/Users/oreo/Desktop/My Folder/UC Berkeley/Projects/coWeight/data/raw/CowDB/118/raw/left/rgb-13.32.11.646.png,486.0
CowDB,118,right,/Users/oreo/Desktop/My Folder/UC Berkeley/Projects/coWeight/data/raw/CowDB/118/raw/right/rgb-13.32.11.660.png,486.0
CowDB,118,top,/Users/oreo/Desktop/My Folder/UC Berkeley/Projects/coWeight/data/raw/CowDB/118/raw/top/rgb-13.32.11.824.png,486.0
CowDB,119,left,/Users/oreo/Desktop/My Folder/UC Berkeley/Projects/coWeight/data/raw/CowDB/119/raw/left/rgb-13.34.35.063.png,495.0
CowDB,119,right,/Users/oreo/Desktop/My Folder/UC Berkeley/Projects/coWeight/data/raw/CowDB/119/raw/right/rgb-13.34.35.087.png,495.0
CowDB,119,top,/Users/oreo/Desktop/My Folder/UC Berkeley/Projects/coWeight/data/raw/CowDB/119/raw/top/rgb-13.34.35.017.png,495.0
CowDB,120,left,/Users/oreo/Desktop/My Folder/UC Berkeley/Projects/coWeight/data/raw/CowDB/120/raw/left/rgb-13.38.22.938.png,493.0
CowDB,120,right,/Users/oreo/Desktop/My Folder/UC Berkeley/Projects/coWeight/data/raw/CowDB/120/raw/right/rgb-13.38.22.934.png,493.0
CowDB,120,top,/Users/oreo/Desktop/My Folder/UC Berkeley/Projects/coWeight/data/raw/CowDB/120/raw/top/rgb-13.38.22.918.png,493.0
CowDB,121,left,/Users/oreo/Desktop/My Folder/UC Berkeley/Projects/coWeight/data/raw/CowDB/121/raw/left/rgb-13.42.48.109.png,540.0
CowDB,121,right,/Users/oreo/Desktop/My Folder/UC Berkeley/Projects/coWeight/data/raw/CowDB/121/raw/right/rgb-13.42.48.083.png,540.0
CowDB,121,top,/Users/oreo/Desktop/My Folder/UC Berkeley/Projects/coWeight/data/raw/CowDB/121/raw/top/rgb-13.42.48.086.png,540.0
CowDB,122,left,/Users/oreo/Desktop/My Folder/UC Berkeley/Projects/coWeight/data/raw/CowDB/122/raw/left/rgb-13.45.51.640.png,486.0
CowDB,122,right,/Users/oreo/Desktop/My Folder/UC Berkeley/Projects/coWeight/data/raw/CowDB/122/raw/right/rgb-13.45.51.636.png,486.0
CowDB,122,top,/Users/oreo/Desktop/My Folder/UC Berkeley/Projects/coWeight/data/raw/CowDB/122/raw/top/rgb-13.45.51.673.png,486.0
CowDB,123,left,/Users/oreo/Desktop/My Folder/UC Berkeley/Projects/coWeight/data/raw/CowDB/123/raw/left/rgb-13.47.57.135.png,545.0
CowDB,123,right,/Users/oreo/Desktop/My Folder/UC Berkeley/Projects/coWeight/data/raw/CowDB/123/raw/right/rgb-13.47.57.166.png,545.0
CowDB,123,top,/Users/oreo/Desktop/My Folder/UC Berkeley/Projects/coWeight/data/raw/CowDB/123/raw/top/rgb-13.47.57.125.png,545.0
CowDB,124,left,/Users/oreo/Desktop/My Folder/UC Berkeley/Projects/coWeight/data/raw/CowDB/124/raw/left/rgb-15.16.55.448.png,484.0
CowDB,124,right,/Users/oreo/Desktop/My Folder/UC Berkeley/Projects/coWeight/data/raw/CowDB/124/raw/right/rgb-15.16.55.439.png,484.0
CowDB,124,top,/Users/oreo/Desktop/My Folder/UC Berkeley/Projects/coWeight/data/raw/CowDB/124/raw/top/rgb-15.16.55.421.png,484.0
CowDB,125,left,/Users/oreo/Desktop/My Folder/UC Berkeley/Projects/coWeight/data/raw/CowDB/125/raw/left/rgb-15.19.57.999.png,411.0
CowDB,125,right,/Users/oreo/Desktop/My Folder/UC Berkeley/Projects/coWeight/data/raw/CowDB/125/raw/right/rgb-15.19.57.973.png,411.0
CowDB,125,top,/Users/oreo/Desktop/My Folder/UC Berkeley/Projects/coWeight/data/raw/CowDB/125/raw/top/rgb-15.19.57.964.png,411.0
CowDB,126,left,/Users/oreo/Desktop/My Folder/UC Berkeley/Projects/coWeight/data/raw/CowDB/126/raw/left/rgb-15.25.26.525.png,512.0
CowDB,126,right,/Users/oreo/Desktop/My Folder/UC Berkeley/Projects/coWeight/data/raw/CowDB/126/raw/right/rgb-15.25.26.573.png,512.0
CowDB,126,top,/Users/oreo/Desktop/My Folder/UC Berkeley/Projects/coWeight/data/raw/CowDB/126/raw/top/rgb-15.25.26.513.png,512.0
CowDB,127,left,/Users/oreo/Desktop/My Folder/UC Berkeley/Projects/coWeight/data/raw/CowDB/127/raw/left/rgb-15.31.00.672.png,551.0
CowDB,127,right,/Users/oreo/Desktop/My Folder/UC Berkeley/Projects/coWeight/data/raw/CowDB/127/raw/right/rgb-15.31.00.665.png,551.0
CowDB,127,top,/Users/oreo/Desktop/My Folder/UC Berkeley/Projects/coWeight/data/raw/CowDB/127/raw/top/rgb-15.31.00.654.png,551.0
CowDB,128,left,/Users/oreo/Desktop/My Folder/UC Berkeley/Projects/coWeight/data/raw/CowDB/128/raw/left/rgb-15.34.24.744.png,479.0
CowDB,128,right,/Users/oreo/Desktop/My Folder/UC Berkeley/Projects/coWeight/data/raw/CowDB/128/raw/right/rgb-15.34.24.731.png,479.0
CowDB,128,top,/Users/oreo/Desktop/My Folder/UC Berkeley/Projects/coWeight/data/raw/CowDB/128/raw/top/rgb-15.34.24.764.png,479.0
CowDB,129,left,/Users/oreo/Desktop/My Folder/UC Berkeley/Projects/coWeight/data/raw/CowDB/129/raw/left/rgb-15.41.02.288.png,514.0
CowDB,129,right,/Users/oreo/Desktop/My Folder/UC Berkeley/Projects/coWeight/data/raw/CowDB/129/raw/right/rgb-15.41.02.257.png,514.0
CowDB,129,top,/Users/oreo/Desktop/My Folder/UC Berkeley/Projects/coWeight/data/raw/CowDB/129/raw/top/rgb-15.41.02.256.png,514.0
CowDB,130,left,/Users/oreo/Desktop/My Folder/UC Berkeley/Projects/coWeight/data/raw/CowDB/130/raw/left/rgb-15.43.35.978.png,548.0
CowDB,130,right,/Users/oreo/Desktop/My Folder/UC Berkeley/Projects/coWeight/data/raw/CowDB/130/raw/right/rgb-15.43.36.017.png,548.0
CowDB,130,top,/Users/oreo/Desktop/My Folder/UC Berkeley/Projects/coWeight/data/raw/CowDB/130/raw/top/rgb-15.43.36.003.png,548.0
CowDB,131,left,/Users/oreo/Desktop/My Folder/UC Berkeley/Projects/coWeight/data/raw/CowDB/131/raw/left/rgb-15.51.06.277.png,548.0
CowDB,131,right,/Users/oreo/Desktop/My Folder/UC Berkeley/Projects/coWeight/data/raw/CowDB/131/raw/right/rgb-15.51.06.258.png,548.0
CowDB,131,top,/Users/oreo/Desktop/My Folder/UC Berkeley/Projects/coWeight/data/raw/CowDB/131/raw/top/rgb-15.51.06.293.png,548.0
CowDB,132,left,/Users/oreo/Desktop/My Folder/UC Berkeley/Projects/coWeight/data/raw/CowDB/132/raw/left/rgb-15.54.38.810.png,418.0
CowDB,132,right,/Users/oreo/Desktop/My Folder/UC Berkeley/Projects/coWeight/data/raw/CowDB/132/raw/right/rgb-15.54.38.838.png,418.0
CowDB,132,top,/Users/oreo/Desktop/My Folder/UC Berkeley/Projects/coWeight/data/raw/CowDB/132/raw/top/rgb-15.54.38.811.png,418.0
CowDB,133,left,/Users/oreo/Desktop/My Folder/UC Berkeley/Projects/coWeight/data/raw/CowDB/133/raw/left/rgb-15.56.56.855.png,531.0
CowDB,133,right,/Users/oreo/Desktop/My Folder/UC Berkeley/Projects/coWeight/data/raw/CowDB/133/raw/right/rgb-15.56.56.862.png,531.0
CowDB,133,top,/Users/oreo/Desktop/My Folder/UC Berkeley/Projects/coWeight/data/raw/CowDB/133/raw/top/rgb-15.56.56.862.png,531.0
CowDB,134,left,/Users/oreo/Desktop/My Folder/UC Berkeley/Projects/coWeight/data/raw/CowDB/134/raw/left/rgb-15.59.12.979.png,512.0
CowDB,134,right,/Users/oreo/Desktop/My Folder/UC Berkeley/Projects/coWeight/data/raw/CowDB/134/raw/right/rgb-15.59.12.991.png,512.0
CowDB,134,top,/Users/oreo/Desktop/My Folder/UC Berkeley/Projects/coWeight/data/raw/CowDB/134/raw/top/rgb-15.59.12.936.png,512.0
CowDB,135,left,/Users/oreo/Desktop/My Folder/UC Berkeley/Projects/coWeight/data/raw/CowDB/135/raw/left/rgb-16.01.20.637.png,413.0
CowDB,135,right,/Users/oreo/Desktop/My Folder/UC Berkeley/Projects/coWeight/data/raw/CowDB/135/raw/right/rgb-16.01.20.679.png,413.0
CowDB,135,top,/Users/oreo/Desktop/My Folder/UC Berkeley/Projects/coWeight/data/raw/CowDB/135/raw/top/rgb-16.01.20.638.png,413.0
CowDB,136,left,/Users/oreo/Desktop/My Folder/UC Berkeley/Projects/coWeight/data/raw/CowDB/136/raw/left/rgb-16.04.17.055.png,563.0
CowDB,136,right,/Users/oreo/Desktop/My Folder/UC Berkeley/Projects/coWeight/data/raw/CowDB/136/raw/right/rgb-16.04.17.041.png,563.0
CowDB,136,top,/Users/oreo/Desktop/My Folder/UC Berkeley/Projects/coWeight/data/raw/CowDB/136/raw/top/rgb-16.04.17.045.png,563.0
CowDB,137,left,/Users/oreo/Desktop/My Folder/UC Berkeley/Projects/coWeight/data/raw/CowDB/137/raw/left/rgb-16.06.45.931.png,511.0
CowDB,137,right,/Users/oreo/Desktop/My Folder/UC Berkeley/Projects/coWeight/data/raw/CowDB/137/raw/right/rgb-16.06.45.941.png,511.0
CowDB,137,top,/Users/oreo/Desktop/My Folder/UC Berkeley/Projects/coWeight/data/raw/CowDB/137/raw/top/rgb-16.06.45.972.png,511.0
CowDB,138,left,/Users/oreo/Desktop/My Folder/UC Berkeley/Projects/coWeight/data/raw/CowDB/138/raw/left/rgb-16.13.36.501.png,495.0
CowDB,138,right,/Users/oreo/Desktop/My Folder/UC Berkeley/Projects/coWeight/data/raw/CowDB/138/raw/right/rgb-16.13.36.508.png,495.0
CowDB,138,top,/Users/oreo/Desktop/My Folder/UC Berkeley/Projects/coWeight/data/raw/CowDB/138/raw/top/rgb-16.13.36.500.png,495.0
CowDB,139,left,/Users/oreo/Desktop/My Folder/UC Berkeley/Projects/coWeight/data/raw/CowDB/139/raw/left/rgb-16.15.54.965.png,519.0
CowDB,139,right,/Users/oreo/Desktop/My Folder/UC Berkeley/Projects/coWeight/data/raw/CowDB/139/raw/right/rgb-16.15.54.999.png,519.0
CowDB,139,top,/Users/oreo/Desktop/My Folder/UC Berkeley/Projects/coWeight/data/raw/CowDB/139/raw/top/rgb-16.15.54.936.png,519.0
CowDB,140,left,/Users/oreo/Desktop/My Folder/UC Berkeley/Projects/coWeight/data/raw/CowDB/140/raw/left/rgb-16.18.35.500.png,549.0
CowDB,140,right,/Users/oreo/Desktop/My Folder/UC Berkeley/Projects/coWeight/data/raw/CowDB/140/raw/right/rgb-16.18.35.500.png,549.0
CowDB,140,top,/Users/oreo/Desktop/My Folder/UC Berkeley/Projects/coWeight/data/raw/CowDB/140/raw/top/rgb-16.18.35.453.png,549.0
CowDB,141,left,/Users/oreo/Desktop/My Folder/UC Berkeley/Projects/coWeight/data/raw/CowDB/141/raw/left/rgb-16.21.59.572.png,488.0
CowDB,141,right,/Users/oreo/Desktop/My Folder/UC Berkeley/Projects/coWeight/data/raw/CowDB/141/raw/right/rgb-16.21.59.522.png,488.0
CowDB,141,top,/Users/oreo/Desktop/My Folder/UC Berkeley/Projects/coWeight/data/raw/CowDB/141/raw/top/rgb-16.21.59.506.png,488.0
CowDB,142,left,/Users/oreo/Desktop/My Folder/UC Berkeley/Projects/coWeight/data/raw/CowDB/142/raw/left/rgb-16.24.58.714.png,526.0
CowDB,142,right,/Users/oreo/Desktop/My Folder/UC Berkeley/Projects/coWeight/data/raw/CowDB/142/raw/right/rgb-16.24.58.710.png,526.0
CowDB,142,top,/Users/oreo/Desktop/My Folder/UC Berkeley/Projects/coWeight/data/raw/CowDB/142/raw/top/rgb-16.24.58.675.png,526.0
CowDB,143,left,/Users/oreo/Desktop/My Folder/UC Berkeley/Projects/coWeight/data/raw/CowDB/143/raw/left/rgb-16.27.45.430.png,573.0
CowDB,143,right,/Users/oreo/Desktop/My Folder/UC Berkeley/Projects/coWeight/data/raw/CowDB/143/raw/right/rgb-16.27.45.463.png,573.0
CowDB,143,top,/Users/oreo/Desktop/My Folder/UC Berkeley/Projects/coWeight/data/raw/CowDB/143/raw/top/rgb-16.27.45.474.png,573.0
CowDB,144,left,/Users/oreo/Desktop/My Folder/UC Berkeley/Projects/coWeight/data/raw/CowDB/144/raw/left/rgb-16.30.34.414.png,543.0
CowDB,144,right,/Users/oreo/Desktop/My Folder/UC Berkeley/Projects/coWeight/data/raw/CowDB/144/raw/right/rgb-16.30.34.436.png,543.0
CowDB,144,top,/Users/oreo/Desktop/My Folder/UC Berkeley/Projects/coWeight/data/raw/CowDB/144/raw/top/rgb-16.30.34.437.png,543.0
CowDB,145,left,/Users/oreo/Desktop/My Folder/UC Berkeley/Projects/coWeight/data/raw/CowDB/145/raw/left/rgb-16.39.14.657.png,547.0
CowDB,145,right,/Users/oreo/Desktop/My Folder/UC Berkeley/Projects/coWeight/data/raw/CowDB/145/raw/right/rgb-16.39.14.680.png,547.0
CowDB,145,top,/Users/oreo/Desktop/My Folder/UC Berkeley/Projects/coWeight/data/raw/CowDB/145/raw/top/rgb-16.39.14.658.png,547.0
CowDB,146,left,/Users/oreo/Desktop/My Folder/UC Berkeley/Projects/coWeight/data/raw/CowDB/146/raw/left/rgb-16.41.25.278.png,466.0
CowDB,146,right,/Users/oreo/Desktop/My Folder/UC Berkeley/Projects/coWeight/data/raw/CowDB/146/raw/right/rgb-16.41.25.302.png,466.0
CowDB,146,top,/Users/oreo/Desktop/My Folder/UC Berkeley/Projects/coWeight/data/raw/CowDB/146/raw/top/rgb-16.41.26.251.png,466.0
CowDB,147,left,/Users/oreo/Desktop/My Folder/UC Berkeley/Projects/coWeight/data/raw/CowDB/147/raw/left/rgb-16.43.41.876.png,530.0
CowDB,147,right,/Users/oreo/Desktop/My Folder/UC Berkeley/Projects/coWeight/data/raw/CowDB/147/raw/right/rgb-16.43.41.828.png,530.0
CowDB,147,top,/Users/oreo/Desktop/My Folder/UC Berkeley/Projects/coWeight/data/raw/CowDB/147/raw/top/rgb-16.43.41.822.png,530.0
CowDB,148,left,/Users/oreo/Desktop/My Folder/UC Berkeley/Projects/coWeight/data/raw/CowDB/148/raw/left/rgb-16.46.34.389.png,550.0
CowDB,148,right,/Users/oreo/Desktop/My Folder/UC Berkeley/Projects/coWeight/data/raw/CowDB/148/raw/right/rgb-16.46.34.378.png,550.0
CowDB,148,top,/Users/oreo/Desktop/My Folder/UC Berkeley/Projects/coWeight/data/raw/CowDB/148/raw/top/rgb-16.46.34.362.png,550.0
CowDB,149,left,/Users/oreo/Desktop/My Folder/UC Berkeley/Projects/coWeight/data/raw/CowDB/149/raw/left/rgb-16.48.55.704.png,520.0
CowDB,149,right,/Users/oreo/Desktop/My Folder/UC Berkeley/Projects/coWeight/data/raw/CowDB/149/raw/right/rgb-16.48.55.725.png,520.0
CowDB,149,top,/Users/oreo/Desktop/My Folder/UC Berkeley/Projects/coWeight/data/raw/CowDB/149/raw/top/rgb-16.48.55.702.png,520.0
CowDB,150,left,/Users/oreo/Desktop/My Folder/UC Berkeley/Projects/coWeight/data/raw/CowDB/150/raw/left/rgb-16.51.13.470.png,511.0
CowDB,150,right,/Users/oreo/Desktop/My Folder/UC Berkeley/Projects/coWeight/data/raw/CowDB/150/raw/right/rgb-16.51.13.476.png,511.0
CowDB,150,top,/Users/oreo/Desktop/My Folder/UC Berkeley/Projects/coWeight/data/raw/CowDB/150/raw/top/rgb-16.51.13.435.png,511.0
CowDB,151,left,/Users/oreo/Desktop/My Folder/UC Berkeley/Projects/coWeight/data/raw/CowDB/151/raw/left/rgb-16.53.35.571.png,532.0
CowDB,151,right,/Users/oreo/Desktop/My Folder/UC Berkeley/Projects/coWeight/data/raw/CowDB/151/raw/right/rgb-16.53.35.537.png,532.0
CowDB,151,top,/Users/oreo/Desktop/My Folder/UC Berkeley/Projects/coWeight/data/raw/CowDB/151/raw/top/rgb-16.53.35.598.png,532.0
CowDB,152,left,/Users/oreo/Desktop/My Folder/UC Berkeley/Projects/coWeight/data/raw/CowDB/152/raw/left/rgb-16.56.03.992.png,499.0
CowDB,152,right,/Users/oreo/Desktop/My Folder/UC Berkeley/Projects/coWeight/data/raw/CowDB/152/raw/right/rgb-16.56.03.993.png,499.0
CowDB,152,top,/Users/oreo/Desktop/My Folder/UC Berkeley/Projects/coWeight/data/raw/CowDB/152/raw/top/rgb-16.56.04.065.png,499.0
CowDB,153,left,/Users/oreo/Desktop/My Folder/UC Berkeley/Projects/coWeight/data/raw/CowDB/153/raw/left/rgb-17.00.55.466.png,520.0
CowDB,153,right,/Users/oreo/Desktop/My Folder/UC Berkeley/Projects/coWeight/data/raw/CowDB/153/raw/right/rgb-17.00.55.463.png,520.0
CowDB,153,top,/Users/oreo/Desktop/My Folder/UC Berkeley/Projects/coWeight/data/raw/CowDB/153/raw/top/rgb-17.00.55.446.png,520.0
CowDB,154,left,/Users/oreo/Desktop/My Folder/UC Berkeley/Projects/coWeight/data/raw/CowDB/154/raw/left/rgb-17.02.57.406.png,535.0
CowDB,154,right,/Users/oreo/Desktop/My Folder/UC Berkeley/Projects/coWeight/data/raw/CowDB/154/raw/right/rgb-17.02.57.428.png,535.0
CowDB,154,top,/Users/oreo/Desktop/My Folder/UC Berkeley/Projects/coWeight/data/raw/CowDB/154/raw/top/rgb-17.02.57.428.png,535.0
